year,Manufacturing,Artificial Intelligence,Data and Analytics,Financial Services,Hardware,Information Technology,Internet Services,Privacy and Security,Science and Engineering,Software,Consumer Electronics,Design,Content and Publishing,Gaming,Media and Entertainment,Commerce and Shopping,Mobile,Real Estate,Consumer Goods,Energy,Food and Beverage,Video,Government and Military,Health Care,Transportation,Biotechnology,Lending and Investments,Sales and Marketing,Events,Sustainability,Administrative Services,Messaging and Telecommunications,Professional Services,Advertising,Community and Lifestyle,Education,Music and Audio,Travel and Tourism,Clothing and Apparel,Agriculture and Farming,Apps,Payments,Sports,Natural Resources,Platforms,Navigation and Mapping
1915,1.0,0.0,0.0,0.0,0.0,0.0,0.0,0.0,0.0,0.0,0.0,0.0,0.0,0.0,0.0,0.0,0.0,0.0,0.0,0.0,0.0,0.0,0.0,0.0,0.0,0.0,0.0,0.0,0.0,0.0,0.0,0.0,0.0,0.0,0.0,0.0,0.0,0.0,0.0,0.0,0.0,0.0,0.0,0.0,0.0,0.0
1919,1.0,5.0,5.0,5.0,1.0,6.0,6.0,5.0,5.0,6.0,0.0,0.0,0.0,0.0,0.0,0.0,0.0,0.0,0.0,0.0,0.0,0.0,0.0,0.0,0.0,0.0,0.0,0.0,0.0,0.0,0.0,0.0,0.0,0.0,0.0,0.0,0.0,0.0,0.0,0.0,0.0,0.0,0.0,0.0,0.0,0.0
1968,2.0,2.0,2.0,0.0,2.0,2.0,0.0,0.0,2.0,2.0,2.0,2.0,0.0,0.0,0.0,0.0,0.0,0.0,0.0,0.0,0.0,0.0,0.0,0.0,0.0,0.0,0.0,0.0,0.0,0.0,0.0,0.0,0.0,0.0,0.0,0.0,0.0,0.0,0.0,0.0,0.0,0.0,0.0,0.0,0.0,0.0
1975,0.0,0.0,0.0,0.0,0.0,0.0,1.0,0.0,0.0,1.0,0.0,0.0,1.0,1.0,1.0,0.0,0.0,0.0,0.0,0.0,0.0,0.0,0.0,0.0,0.0,0.0,0.0,0.0,0.0,0.0,0.0,0.0,0.0,0.0,0.0,0.0,0.0,0.0,0.0,0.0,0.0,0.0,0.0,0.0,0.0,0.0
1976,0.0,0.0,0.0,0.0,0.0,0.0,0.0,0.0,0.0,0.0,0.0,0.0,1.0,0.0,1.0,0.0,0.0,0.0,0.0,0.0,0.0,0.0,0.0,0.0,0.0,0.0,0.0,0.0,0.0,0.0,0.0,0.0,0.0,0.0,0.0,0.0,0.0,0.0,0.0,0.0,0.0,0.0,0.0,0.0,0.0,0.0
1977,0.0,0.0,0.0,0.0,2.0,0.0,0.0,0.0,0.0,2.0,2.0,0.0,0.0,0.0,0.0,2.0,2.0,0.0,0.0,0.0,0.0,0.0,0.0,0.0,0.0,0.0,0.0,0.0,0.0,0.0,0.0,0.0,0.0,0.0,0.0,0.0,0.0,0.0,0.0,0.0,0.0,0.0,0.0,0.0,0.0,0.0
1978,0.0,0.0,0.0,0.0,0.0,0.0,0.0,0.0,0.0,0.0,0.0,0.0,0.0,0.0,0.0,0.0,0.0,1.0,0.0,0.0,0.0,0.0,0.0,0.0,0.0,0.0,0.0,0.0,0.0,0.0,0.0,0.0,0.0,0.0,0.0,0.0,0.0,0.0,0.0,0.0,0.0,0.0,0.0,0.0,0.0,0.0
1979,0.0,0.0,0.0,0.0,0.0,0.0,2.0,0.0,0.0,2.0,0.0,0.0,0.0,0.0,0.0,0.0,0.0,1.0,1.0,1.0,1.0,0.0,0.0,0.0,0.0,0.0,0.0,0.0,0.0,0.0,0.0,0.0,0.0,0.0,0.0,0.0,0.0,0.0,0.0,0.0,0.0,0.0,0.0,0.0,0.0,0.0
1981,3.0,0.0,0.0,0.0,4.0,1.0,1.0,0.0,3.0,4.0,0.0,0.0,0.0,0.0,1.0,0.0,0.0,0.0,0.0,0.0,0.0,1.0,0.0,0.0,0.0,0.0,0.0,0.0,0.0,0.0,0.0,0.0,0.0,0.0,0.0,0.0,0.0,0.0,0.0,0.0,0.0,0.0,0.0,0.0,0.0,0.0
1982,1.0,0.0,0.0,0.0,8.0,3.0,2.0,2.0,0.0,5.0,6.0,0.0,4.0,4.0,4.0,0.0,5.0,0.0,0.0,0.0,0.0,0.0,1.0,1.0,1.0,0.0,0.0,0.0,0.0,0.0,0.0,0.0,0.0,0.0,0.0,0.0,0.0,0.0,0.0,0.0,0.0,0.0,0.0,0.0,0.0,0.0
1983,2.0,0.0,0.0,0.0,4.0,4.0,2.0,3.0,0.0,2.0,3.0,1.0,0.0,0.0,0.0,0.0,0.0,0.0,0.0,0.0,0.0,0.0,0.0,0.0,2.0,0.0,0.0,0.0,0.0,0.0,0.0,0.0,0.0,0.0,0.0,0.0,0.0,0.0,0.0,0.0,0.0,0.0,0.0,0.0,0.0,0.0
1984,2.0,0.0,1.0,0.0,2.0,1.0,1.0,0.0,2.0,1.0,1.0,0.0,2.0,0.0,2.0,0.0,1.0,0.0,0.0,0.0,0.0,0.0,0.0,0.0,0.0,1.0,0.0,0.0,0.0,0.0,0.0,0.0,0.0,0.0,0.0,0.0,0.0,0.0,0.0,0.0,0.0,0.0,0.0,0.0,0.0,0.0
1985,4.0,0.0,1.0,1.0,2.0,1.0,0.0,0.0,2.0,2.0,0.0,1.0,0.0,0.0,0.0,1.0,0.0,0.0,2.0,0.0,0.0,0.0,1.0,0.0,0.0,0.0,1.0,1.0,0.0,0.0,0.0,0.0,0.0,0.0,0.0,0.0,0.0,0.0,0.0,0.0,0.0,0.0,0.0,0.0,0.0,0.0
1986,4.0,0.0,0.0,2.0,3.0,2.0,0.0,0.0,2.0,1.0,1.0,0.0,0.0,0.0,0.0,0.0,0.0,1.0,2.0,0.0,0.0,0.0,0.0,3.0,1.0,0.0,0.0,0.0,0.0,0.0,0.0,0.0,0.0,0.0,0.0,0.0,0.0,0.0,0.0,0.0,0.0,0.0,0.0,0.0,0.0,0.0
1987,3.0,0.0,0.0,0.0,3.0,1.0,3.0,0.0,4.0,3.0,1.0,0.0,2.0,0.0,4.0,0.0,0.0,0.0,1.0,1.0,1.0,2.0,0.0,0.0,3.0,0.0,0.0,0.0,1.0,1.0,0.0,0.0,0.0,0.0,0.0,0.0,0.0,0.0,0.0,0.0,0.0,0.0,0.0,0.0,0.0,0.0
1988,1.0,0.0,0.0,1.0,0.0,5.0,3.0,0.0,0.0,4.0,0.0,0.0,0.0,0.0,0.0,1.0,0.0,0.0,0.0,0.0,0.0,0.0,0.0,0.0,1.0,0.0,1.0,1.0,0.0,0.0,3.0,3.0,1.0,0.0,0.0,0.0,0.0,0.0,0.0,0.0,0.0,0.0,0.0,0.0,0.0,0.0
1989,2.0,0.0,0.0,1.0,3.0,1.0,0.0,0.0,2.0,2.0,0.0,1.0,0.0,0.0,0.0,1.0,1.0,0.0,0.0,0.0,0.0,0.0,0.0,1.0,1.0,1.0,0.0,0.0,0.0,0.0,0.0,0.0,0.0,0.0,0.0,0.0,0.0,0.0,0.0,0.0,0.0,0.0,0.0,0.0,0.0,0.0
1990,4.0,0.0,7.0,0.0,2.0,4.0,8.0,1.0,1.0,7.0,1.0,0.0,0.0,1.0,1.0,0.0,0.0,0.0,0.0,0.0,1.0,0.0,0.0,4.0,1.0,1.0,0.0,7.0,0.0,0.0,0.0,0.0,1.0,7.0,0.0,0.0,0.0,0.0,0.0,0.0,0.0,0.0,0.0,0.0,0.0,0.0
1991,3.0,0.0,0.0,5.0,5.0,2.0,2.0,2.0,3.0,9.0,3.0,1.0,0.0,0.0,2.0,2.0,0.0,2.0,1.0,0.0,2.0,1.0,0.0,1.0,1.0,0.0,0.0,0.0,0.0,0.0,0.0,0.0,3.0,0.0,1.0,1.0,1.0,1.0,0.0,0.0,0.0,0.0,0.0,0.0,0.0,0.0
1992,7.0,0.0,0.0,2.0,7.0,6.0,7.0,3.0,1.0,8.0,3.0,7.0,0.0,0.0,2.0,1.0,1.0,1.0,0.0,0.0,1.0,2.0,0.0,7.0,1.0,0.0,0.0,1.0,0.0,0.0,0.0,0.0,1.0,1.0,1.0,0.0,0.0,1.0,1.0,0.0,0.0,0.0,0.0,0.0,0.0,0.0
1993,5.0,1.0,3.0,4.0,8.0,7.0,4.0,3.0,6.0,12.0,5.0,2.0,1.0,1.0,3.0,5.0,1.0,1.0,2.0,0.0,1.0,1.0,1.0,3.0,3.0,1.0,2.0,5.0,1.0,1.0,0.0,0.0,1.0,2.0,2.0,3.0,1.0,0.0,1.0,1.0,1.0,1.0,1.0,0.0,0.0,0.0
1994,8.0,0.0,0.0,0.0,19.0,8.0,8.0,4.0,5.0,22.0,5.0,4.0,3.0,2.0,6.0,8.0,0.0,3.0,2.0,5.0,0.0,0.0,0.0,5.0,4.0,1.0,0.0,3.0,0.0,2.0,8.0,0.0,0.0,0.0,1.0,0.0,1.0,0.0,1.0,0.0,0.0,0.0,1.0,4.0,1.0,0.0
1995,14.0,1.0,2.0,9.0,27.0,22.0,19.0,8.0,4.0,40.0,5.0,3.0,9.0,1.0,15.0,6.0,7.0,3.0,2.0,6.0,3.0,3.0,0.0,6.0,4.0,0.0,0.0,15.0,1.0,5.0,7.0,6.0,1.0,6.0,1.0,1.0,1.0,1.0,0.0,0.0,3.0,1.0,6.0,0.0,0.0,0.0
1996,24.0,2.0,10.0,3.0,49.0,46.0,52.0,16.0,18.0,66.0,19.0,3.0,6.0,6.0,26.0,13.0,13.0,3.0,1.0,10.0,3.0,9.0,1.0,11.0,6.0,3.0,1.0,12.0,1.0,7.0,3.0,3.0,2.0,7.0,3.0,2.0,4.0,1.0,1.0,1.0,5.0,1.0,1.0,9.0,0.0,0.0
1997,46.0,1.0,2.0,4.0,93.0,42.0,80.0,6.0,24.0,90.0,25.0,2.0,10.0,3.0,23.0,35.0,21.0,9.0,3.0,12.0,3.0,9.0,1.0,27.0,6.0,14.0,2.0,16.0,3.0,15.0,3.0,1.0,3.0,9.0,4.0,1.0,1.0,3.0,0.0,0.0,4.0,2.0,0.0,8.0,0.0,3.0
1998,67.0,16.0,36.0,23.0,178.0,96.0,136.0,25.0,81.0,194.0,45.0,19.0,23.0,6.0,49.0,50.0,38.0,15.0,2.0,12.0,9.0,22.0,8.0,35.0,22.0,21.0,7.0,35.0,3.0,12.0,11.0,24.0,16.0,14.0,4.0,6.0,8.0,4.0,5.0,2.0,11.0,5.0,4.0,7.0,0.0,20.0
1999,157.0,42.0,224.0,172.0,715.0,577.0,993.0,86.0,224.0,941.0,183.0,98.0,89.0,28.0,347.0,540.0,205.0,62.0,31.0,45.0,40.0,125.0,18.0,213.0,89.0,88.0,82.0,266.0,27.0,18.0,40.0,84.0,89.0,119.0,77.0,57.0,36.0,22.0,23.0,6.0,52.0,34.0,41.0,13.0,5.0,24.0
2000,771.0,85.0,865.0,1001.0,3365.0,2698.0,4642.0,452.0,843.0,4497.0,829.0,375.0,410.0,65.0,1451.0,2047.0,1172.0,306.0,58.0,163.0,131.0,431.0,106.0,674.0,477.0,287.0,341.0,1017.0,99.0,57.0,137.0,396.0,399.0,324.0,360.0,366.0,208.0,143.0,63.0,37.0,390.0,154.0,101.0,86.0,44.0,107.0
2001,605.0,52.0,412.0,229.0,1844.0,1309.0,1175.0,420.0,870.0,2139.0,411.0,146.0,112.0,31.0,517.0,301.0,630.0,79.0,24.0,90.0,7.0,230.0,39.0,601.0,138.0,407.0,46.0,327.0,18.0,48.0,64.0,159.0,159.0,106.0,57.0,112.0,37.0,29.0,15.0,3.0,138.0,40.0,19.0,27.0,28.0,43.0
2002,492.0,32.0,304.0,157.0,1546.0,996.0,920.0,326.0,894.0,1678.0,379.0,131.0,80.0,38.0,366.0,167.0,576.0,62.0,10.0,98.0,23.0,163.0,57.0,700.0,102.0,491.0,37.0,214.0,12.0,51.0,24.0,161.0,109.0,81.0,58.0,53.0,35.0,30.0,20.0,10.0,88.0,36.0,19.0,44.0,13.0,58.0
2003,602.0,42.0,394.0,178.0,1651.0,951.0,797.0,330.0,1211.0,1753.0,450.0,139.0,86.0,40.0,385.0,179.0,591.0,64.0,29.0,159.0,42.0,209.0,41.0,1034.0,141.0,723.0,32.0,260.0,4.0,91.0,42.0,170.0,91.0,100.0,61.0,57.0,43.0,37.0,12.0,15.0,122.0,36.0,29.0,52.0,40.0,30.0
2004,725.0,64.0,519.0,269.0,1860.0,1261.0,1043.0,486.0,1566.0,2271.0,560.0,170.0,166.0,93.0,627.0,221.0,805.0,89.0,44.0,241.0,43.0,286.0,70.0,1354.0,125.0,1001.0,36.0,332.0,15.0,155.0,43.0,221.0,129.0,201.0,57.0,77.0,75.0,46.0,22.0,17.0,217.0,69.0,47.0,99.0,57.0,67.0
2005,907.0,52.0,632.0,319.0,2297.0,1520.0,1477.0,559.0,1822.0,2995.0,680.0,196.0,259.0,95.0,787.0,378.0,1071.0,93.0,57.0,252.0,63.0,296.0,56.0,1483.0,270.0,1165.0,45.0,482.0,29.0,152.0,69.0,274.0,164.0,252.0,47.0,61.0,107.0,69.0,33.0,29.0,230.0,86.0,66.0,134.0,50.0,94.0
2006,968.0,97.0,683.0,433.0,2234.0,1553.0,1837.0,539.0,1935.0,3188.0,773.0,211.0,423.0,177.0,1298.0,536.0,1264.0,136.0,56.0,362.0,95.0,509.0,87.0,1625.0,167.0,1204.0,105.0,767.0,56.0,235.0,69.0,307.0,173.0,512.0,129.0,129.0,196.0,95.0,34.0,32.0,287.0,141.0,58.0,183.0,73.0,96.0
2007,1094.0,115.0,888.0,590.0,2611.0,1860.0,2529.0,488.0,2629.0,3971.0,796.0,337.0,618.0,280.0,1910.0,746.0,1502.0,179.0,96.0,579.0,137.0,744.0,121.0,2402.0,353.0,1854.0,165.0,1046.0,122.0,474.0,68.0,386.0,242.0,718.0,221.0,209.0,269.0,169.0,79.0,67.0,370.0,125.0,149.0,325.0,147.0,100.0
2008,985.0,170.0,956.0,605.0,2232.0,1784.0,2553.0,533.0,2071.0,4056.0,807.0,329.0,671.0,310.0,1930.0,861.0,1468.0,220.0,104.0,893.0,192.0,647.0,70.0,1854.0,360.0,1297.0,154.0,1176.0,110.0,811.0,78.0,318.0,272.0,832.0,303.0,277.0,222.0,194.0,83.0,63.0,423.0,188.0,169.0,542.0,172.0,99.0
2009,724.0,179.0,959.0,676.0,1820.0,1548.0,2223.0,360.0,2125.0,3574.0,672.0,271.0,584.0,240.0,1645.0,816.0,1208.0,209.0,97.0,518.0,160.0,490.0,66.0,2002.0,317.0,1528.0,168.0,1140.0,91.0,469.0,62.0,282.0,214.0,780.0,222.0,240.0,238.0,181.0,95.0,58.0,497.0,169.0,144.0,298.0,137.0,141.0
2010,901.0,276.0,1564.0,1021.0,2117.0,2060.0,3315.0,421.0,2414.0,5047.0,811.0,521.0,829.0,343.0,2356.0,1509.0,1984.0,352.0,212.0,799.0,225.0,619.0,79.0,2401.0,423.0,1682.0,283.0,1666.0,168.0,681.0,89.0,397.0,358.0,1119.0,395.0,362.0,289.0,288.0,260.0,84.0,813.0,262.0,219.0,442.0,338.0,197.0
2011,1022.0,540.0,2384.0,1535.0,2414.0,2887.0,5017.0,642.0,2486.0,7674.0,949.0,937.0,1086.0,450.0,3501.0,2729.0,3380.0,370.0,381.0,870.0,500.0,739.0,92.0,2709.0,702.0,1631.0,340.0,2499.0,278.0,798.0,207.0,569.0,458.0,1531.0,595.0,702.0,344.0,597.0,482.0,81.0,1541.0,439.0,287.0,371.0,761.0,306.0
2012,1143.0,791.0,3313.0,2338.0,3090.0,3629.0,6371.0,823.0,3081.0,10076.0,1195.0,1334.0,1390.0,601.0,4363.0,3793.0,4483.0,736.0,582.0,927.0,653.0,1157.0,239.0,3584.0,945.0,1933.0,491.0,2923.0,464.0,850.0,218.0,563.0,619.0,1581.0,932.0,1157.0,459.0,864.0,707.0,167.0,1837.0,647.0,586.0,484.0,794.0,320.0
2013,1448.0,1466.0,4609.0,3239.0,4238.0,5203.0,8024.0,1150.0,4022.0,14008.0,1719.0,1874.0,1738.0,691.0,5374.0,5416.0,5549.0,1105.0,795.0,955.0,1123.0,1262.0,274.0,4554.0,1356.0,2237.0,801.0,3538.0,597.0,890.0,386.0,781.0,1010.0,1927.0,1254.0,1682.0,564.0,1241.0,995.0,230.0,2426.0,1017.0,793.0,509.0,977.0,364.0
2014,1808.0,2305.0,6242.0,4525.0,5801.0,7010.0,10124.0,1504.0,5330.0,18239.0,2558.0,2414.0,2076.0,848.0,6323.0,6189.0,6694.0,1703.0,1142.0,1271.0,1592.0,1500.0,288.0,5766.0,2378.0,2648.0,1234.0,4060.0,715.0,1250.0,595.0,975.0,1394.0,2039.0,1830.0,1980.0,713.0,1420.0,1244.0,424.0,3418.0,1533.0,1107.0,624.0,775.0,516.0
2015,2352.0,3422.0,7756.0,5732.0,7441.0,8418.0,11385.0,1976.0,7486.0,21514.0,3362.0,2658.0,2108.0,913.0,6369.0,7578.0,7092.0,2491.0,1587.0,1466.0,2219.0,1666.0,406.0,7735.0,3602.0,3247.0,1564.0,4405.0,794.0,1531.0,1006.0,947.0,1764.0,2015.0,2108.0,2507.0,733.0,1874.0,1258.0,570.0,4314.0,1857.0,1500.0,776.0,747.0,716.0
2016,2346.0,4488.0,8462.0,6314.0,7859.0,8965.0,10492.0,1975.0,8686.0,22145.0,3435.0,2484.0,1573.0,909.0,5518.0,7188.0,6282.0,2528.0,1685.0,1555.0,2441.0,1534.0,347.0,8323.0,3958.0,3354.0,1569.0,3860.0,830.0,1638.0,816.0,989.0,1992.0,1619.0,2330.0,2375.0,684.0,1890.0,1155.0,720.0,4320.0,1772.0,1581.0,883.0,581.0,624.0
2017,2687.0,6002.0,9671.0,7693.0,8799.0,10041.0,10220.0,2140.0,10962.0,24140.0,3812.0,2333.0,1616.0,962.0,5054.0,6841.0,5550.0,2696.0,1604.0,1730.0,2606.0,1284.0,451.0,9341.0,4310.0,4011.0,1976.0,3626.0,610.0,1711.0,1009.0,860.0,2203.0,1322.0,2129.0,2431.0,670.0,1677.0,989.0,1133.0,4208.0,2069.0,1696.0,913.0,541.0,666.0
2018,2825.0,6392.0,10049.0,8603.0,8506.0,10846.0,10223.0,2417.0,11843.0,24866.0,3823.0,2462.0,1301.0,1057.0,4485.0,6838.0,4847.0,3237.0,1869.0,1522.0,2793.0,1108.0,445.0,10466.0,4826.0,4622.0,2116.0,3218.0,496.0,1630.0,913.0,726.0,1859.0,1238.0,2148.0,2675.0,549.0,1704.0,1097.0,1086.0,3996.0,2607.0,1866.0,757.0,396.0,547.0
2019,2307.0,5659.0,8483.0,7388.0,6850.0,9255.0,7770.0,1935.0,10113.0,20715.0,3036.0,1925.0,907.0,848.0,3368.0,6084.0,3769.0,2666.0,1456.0,1442.0,2439.0,819.0,262.0,8691.0,4187.0,3734.0,1924.0,2426.0,412.0,1515.0,754.0,482.0,1789.0,897.0,1920.0,2375.0,364.0,1464.0,889.0,914.0,2953.0,1940.0,1291.0,682.0,426.0,393.0
2020,27.0,19.0,35.0,48.0,23.0,43.0,25.0,8.0,65.0,97.0,5.0,11.0,1.0,4.0,9.0,19.0,9.0,26.0,0.0,3.0,7.0,1.0,0.0,67.0,13.0,32.0,5.0,6.0,4.0,5.0,5.0,0.0,10.0,0.0,3.0,5.0,0.0,7.0,4.0,4.0,12.0,11.0,0.0,3.0,0.0,2.0
